{"categories":["1","2","3","4","5","6","7","8","9","10-14","15-19","20-24","25-29","30-34","35-39","40-44","45-49","50-54","55-59","60-64","65-69","70-74","75-79","80-84","85-89","90"],"mean":[33.14198931020063,33.324058221640975,33.33764760005634,36.58950091750861,36.548294517350094,36.55219520895253,36.53322829256195,36.53173700863138,38.39897697057557,38.72795372440685,40.00723878161052,39.94745660346936,39.824960630516735,39.64254525387359,39.3967631248708,39.13634959847849,38.81468624201696,38.72852291517233,38.432172035043976,38.00179922365018,37.281718661353985,36.44667265855469,35.345937804954964,34.81633706638885,34.02757586565733,33.62324601312631],"data": [[31.0,33.0,34.0,34.0,34.0],[31.0,34.0,34.0,34.0,34.0],[31.0,34.0,34.0,34.0,34.0],[35.0,37.0,37.0,37.0,37.0],[35.0,37.0,37.0,37.0,37.0],[35.0,37.0,37.0,37.0,37.0],[35.0,37.0,37.0,37.0,37.0],[35.0,37.0,37.0,37.0,37.0],[37.0,39.0,39.0,39.0,39.0],[37.2,39.2,39.4,39.4,39.4],[38.0,40.0,41.0,41.0,41.0],[38.0,40.0,41.0,41.0,41.0],[38.0,40.0,41.0,41.0,41.0],[37.2,40.0,41.0,41.0,41.0],[36.4,39.8,41.0,41.0,41.0],[35.2,39.0,41.0,41.0,41.0],[35.0,38.4,40.0,41.0,41.0],[35.0,38.0,40.0,41.0,41.0],[35.0,37.2,40.0,41.0,41.0],[34.6,36.4,39.6,41.0,41.0],[34.0,35.0,38.8,41.0,41.0],[33.4,35.0,36.8,39.6,41.0],[32.4,34.8,35.2,37.8,39.6],[33.0,35.0,35.0,36.6,38.8],[32.0,35.0,35.0,36.0,37.0],[32.0,35.0,35.0,35.0,36.0]]}