{"categories":["1","2","3","4","5","6","7","8","9","10-14","15-19","20-24","25-29","30-34","35-39","40-44","45-49","50-54","55-59","60-64","65-69","70-74","75-79","80-84","85-89","90"],"mean":[32.41152176092758,32.54840377601117,32.587161399919154,35.90401879010154,35.89221416883107,35.92224911966177,35.92559678766872,35.92881699628383,37.73159621168615,37.95347651506881,39.11202985802742,38.94814827104094,38.69160609435729,38.35857194171729,38.33110349655577,38.04493450324109,37.696843273217965,36.936362686359836,36.98277624683781,36.48793369708983,35.698685400658334,34.83551162308436,33.88778411820155,32.97147271013911,32.12632370965775,31.5863496400905],"data": [[31.0,31.0,34.0,34.0,34.0],[31.0,31.0,34.0,34.0,34.0],[31.0,33.0,34.0,34.0,34.0],[35.0,37.0,37.0,37.0,37.0],[35.0,37.0,37.0,37.0,37.0],[35.0,37.0,37.0,37.0,37.0],[35.0,37.0,37.0,37.0,37.0],[35.0,37.0,37.0,37.0,37.0],[35.0,39.0,39.0,39.0,39.0],[35.4,39.2,39.4,39.4,39.4],[36.6,40.0,41.0,41.0,41.0],[36.0,40.0,41.0,41.0,41.0],[35.6,39.2,41.0,41.0,41.0],[34.6,39.0,41.0,41.0,41.0],[34.8,39.0,41.0,41.0,41.0],[34.0,38.6,40.6,41.0,41.0],[33.0,38.0,40.0,41.0,41.0],[32.2,37.0,39.6,40.6,41.0],[32.0,36.4,40.0,41.0,41.0],[31.6,35.4,39.4,41.0,41.0],[30.8,35.0,38.2,40.6,41.0],[29.8,35.0,36.6,39.4,41.0],[29.0,34.6,35.4,38.0,39.8],[27.8,34.0,35.0,36.6,38.6],[26.0,34.0,35.0,35.6,37.0],[24.0,34.0,35.0,35.0,36.0]]}